cultivo,variable,condicion,umbral_min,umbral_max,nivel,icono,titulo,recomendacion,fuente
Maiz,temperatura,muy_alto,32.0,,critica,,Estrés térmico en floración,"Si el maíz está en etapa VT (espigas) o R1 (seda), el calor extremo quema el polen y reduce el llenado de grano. Riega de inmediato y aplica riego de auxilio. El daño puede ser irreversible si dura más de 3 días.",CIMMYT 2021
Maiz,temperatura,alto,28.0,,advertencia,,Calor moderado: riesgo en llenado de grano,"Temperaturas altas reducen la viabilidad del polen. Riega en las primeras horas de la mañana. Si usas riego por aspersión, no riegues al mediodía para evitar quemar las hojas.",CIMMYT 2021
Maiz,temperatura,muy_bajo,,15.0,critica,,Riesgo de helada en germinación,El frío puede matar las plántulas de maíz recién emergidas. Cubre las hileras con paja o plástico delgado antes de que anochezca. Usa variedades tolerantes al frío como ICTA HB-17TMA si siembras en el altiplano.,ICTA Guatemala
Maiz,precipitacion,muy_bajo,,40.0,critica,,Sequía urgente en maíz,"Riega tu parcela de maíz hoy. Sin agua, las plantas se marchitan en 24-48 horas especialmente en etapa de floración. Aplica al menos 40 mm de riego si tienes sistema de irrigación.",FAO Guatemala
Maiz,precipitacion,alto,90.0,,advertencia,,Encharcamiento: riesgo de pudrición de raíz,"Demasiada lluvia puede ahogar las raíces del maíz. Limpia los canales de drenaje entre los surcos para que el agua escurra rápido. Si el suelo está saturado más de 48 horas, hay riesgo de pudrición.",ICTA Guatemala
Maiz,humedad,alto,75.0,,advertencia,,Riesgo de achaparramiento del maíz,"Con humedad alta y temperaturas cálidas, el achaparramiento (causado por fitoplasma transmitido por chicharritas) puede afectar tus plantas. Busca plantas amarillas y achaparradas, retíralas del campo para evitar contagio.",ICTA Guatemala
Maiz,ph_suelo,muy_bajo,,5.5,advertencia,,pH ácido bloquea fósforo y zinc,"El pH bajo impide que el maíz absorba fósforo y zinc, causando hojas moradas o amarillas. Aplica cal dolomítica agrícola (2-3 kg por cuerda) al menos 30 días antes de la siembra o fertilización.",ICTA Guatemala
Maiz,plaga,cualquiera,,,critica,,Monitoreo de gusano cogollero (Spodoptera frugiperda),"Revisa el cogollo (corazón) de cada planta. Si ves polvo café, agujeros en espiral o larvas, hay gusano cogollero. Aplica Bacillus thuringiensis (Bt) por la tarde. Si el daño supera el 25% de las plantas, usa insecticida de contacto autorizado.",CIMMYT / CABI 2022
Maiz,general,cualquiera,,,info,,Control de malezas crítico primeros 30 días,"Las malezas compiten fuertemente con el maíz durante los primeros 30 días. Realiza la primera limpia a los 15 días y la segunda a los 30. Después de ese periodo, el maíz ya sombrea las malezas solo.",ICTA Guatemala
Frijol,humedad,muy_alto,80.0,,critica,,Roya y antracnosis: condiciones críticas,Humedad muy alta favorece la roya (Uromyces appendiculatus) y la antracnosis. Busca pústulas anaranjadas en el envés de las hojas o manchas oscuras en vainas. Aplica fungicida cúprico preventivo. No entres a la parcela cuando las plantas estén mojadas para no esparcir esporas.,ICTA Guatemala / FAO
Frijol,humedad,alto,70.0,,advertencia,,Vigilancia de roya del frijol,Con esta humedad hay condiciones para que aparezca roya. Revisa el envés de las hojas 3 veces por semana buscando polvo anaranjado. Aplica fungicida si encuentras más de 10% de hojas afectadas.,ICTA Guatemala
Frijol,temperatura,muy_alto,30.0,,advertencia,,Mosca blanca en condiciones secas y calurosas,"Calor con baja humedad favorece a la mosca blanca (Bemisia tabaci y Trialeurodes vaporariorum), que transmite el mosaico dorado amarillo del frijol (BGMV). Revisa el envés de las hojas. Aplica aceite de neem o insecticida sistémico si encuentras colonias.",ICTA Guatemala
Frijol,precipitacion,muy_alto,85.0,,advertencia,,Lluvia excesiva: pudrición en cuello,Con demasiada lluvia el frijol puede sufrir pudrición del cuello y raíz. Asegura que el agua drene bien entre los surcos. Reduce el riego suplementario si lo tienes.,FAO
Frijol,ph_suelo,muy_bajo,,5.5,advertencia,,pH ácido inhibe nódulos de Rhizobium,"Con pH bajo, las bacterias del suelo que fijan nitrógeno (Rhizobium) no pueden formar nódulos en las raíces. Aplica cal agrícola y reinocula las semillas con Rhizobium en el siguiente ciclo para recuperar la fertilidad natural.",ICTA Guatemala
Frijol,plaga,cualquiera,,,info,,Babosas nocturnas: daño en plántulas,"En noches húmedas y frescas, las babosas cortan plántulas y hojas jóvenes. Revisa la parcela al amanecer buscando rastros de baba brillante. Coloca cebos de metaldehído al pie de las plantas si confirmas daño.",MAGA Guatemala
Frijol,general,cualquiera,,,info,,Soporte para frijol voluble (en guía),"Si cultivas frijol voluble, revisa que los tutores (palos o cañas) estén firmes y que las ramas no toquen el suelo húmedo. El contacto con suelo mojado favorece enfermedades fungosas en vainas y hojas.",ICTA Guatemala
Frijol,general,cualquiera,,,info,,Mejora ventilación para reducir enfermedades,"Usa riego por surcos en lugar de aspersión para mantener el follaje seco. No trabajes en la parcela cuando las plantas están mojadas, ya que puedes esparcir hongos entre plantas sanas.",FAO
Cafe,humedad,muy_alto,80.0,,critica,,Alerta roya del café (Hemileia vastatrix),"La roya es la principal amenaza del café en Guatemala. Con esta humedad, busca manchas traslúcidas que se vuelven amarillo-anaranjadas en el envés de las hojas. Si encuentras síntomas en más del 5% de las hojas, aplica fungicida cúprico o sistémico de inmediato. No esperes.",World Coffee Research / ANACAFE
Cafe,humedad,alto,70.0,,advertencia,,Monitoreo de roya y ojo de gallo,"Condiciones favorables para roya y ojo de gallo (Mycena citricolor). Revisa las hojas cada 3 días, especialmente en el tercio inferior de la planta. Aplica cobre preventivo antes de que aparezcan síntomas si llevan 3 días con más de 70% de humedad.",ANACAFE Guatemala
Cafe,temperatura,alto,26.0,,advertencia,,Broca del café (Hypothenemus hampei),"Calor moderado con baja humedad favorece a la broca. Revisa los frutos maduros buscando un agujero pequeño en la corona. Si encuentras más del 5% de granos brocados, coloca trampas con alcohol etílico al 3% y metanol 1:1. Recoge y destruye los frutos brocados.",ANACAFE Guatemala
Cafe,temperatura,muy_alto,30.0,,advertencia,,Temperatura extrema: manejo de sombra,"El café no tolera bien el calor directo. Verifica que la sombra cubra entre 25-40% del lote. Si el sol da directo todo el día, poda el árbol de sombra para que deje pasar más luz sin eliminar la cobertura.",ANACAFE Guatemala
Cafe,temperatura,muy_bajo,,16.0,advertencia,,Frío: café en zonas altas sobre 1500m,"Temperaturas bajo 16°C afectan el desarrollo del café en altiplano. En alturas sobre 1,500 m, protege los cafetos jóvenes con tutores y árboles de sombra que actúen como barrera contra el viento frío del norte.",FAO Coffee Guide
Cafe,ph_suelo,muy_bajo,,5.5,advertencia,,pH ácido: aplica cal dolomítica al café,"El café prefiere pH entre 6.0-6.5. Con pH bajo, aplica cal dolomítica (1-2 kg por planta al año) mezclada con el suelo alrededor del tallo. Combina con materia orgánica (compost o pulpa de café).",ANACAFE Guatemala
Cafe,enfermedad,cualquiera,,,info,,Poda de sanidad para prevenir enfermedades,"Realiza poda de mantenimiento: elimina bandolas secas, hojas con roya severa y chupones del tallo. Esta práctica reduce la fuente de inóculo de enfermedades y mejora la ventilación del lote.",ANACAFE Guatemala
Cafe,general,cualquiera,,,info,,Limpieza del suelo bajo el cafetal,Las hojas caídas bajo los árboles acumulan esporas de roya y ojo de gallo. Retíralas o voltéalas con un rastrillo cada mes. Aplica una capa fina de compost para mantener humedad y nutrición.,ANACAFE Guatemala
Arroz,precipitacion,muy_bajo,,60.0,advertencia,,Llenar tablones: el arroz necesita agua permanente,"El arroz requiere una lámina de 5-10 cm de agua en el tablón durante el macollamiento y la floración. Si la lluvia no es suficiente, llena los tablones manualmente. Sin agua, el rendimiento puede caer más del 50%.",IICA Guatemala
Arroz,humedad,muy_alto,80.0,,critica,,Riesgo de piricularia (Magnaporthe oryzae - Blast),"Humedad alta con temperaturas cálidas es la combinación perfecta para el Blast. Busca manchas grises con bordes café en hojas y cuellos de panícula. Si encuentras síntomas, aplica fungicida (tricyclazole o azoxistrobina) de inmediato. El Blast puede destruir toda la panícula.",FAO / IICA
Arroz,temperatura,muy_alto,32.0,,advertencia,,Estrés por calor en floración del arroz,Temperaturas sobre 32°C durante la floración reducen drásticamente la fertilización de las espiguillas. Mantén agua fresca en el tablón para bajar la temperatura del suelo. Usa variedades de ciclo corto si estás en zona calurosa.,IICA Guatemala
Arroz,ph_suelo,muy_alto,7.5,,advertencia,,pH alcalino: deficiencia de hierro en arroz,"Con pH alto, el hierro se inmoviliza y el arroz presenta hojas amarillas (clorosis férrica). Usa sulfato de amonio como fuente nitrogenada en lugar de urea, ya que acidifica ligeramente el suelo y aporta azufre.",FAO
Arroz,plaga,cualquiera,,,critica,,Monitoreo de sogata (Tagosodes orizicolus),La sogata es el insecto más dañino del arroz en Guatemala. Busca insectos café pequeños en la base del tallo. Las plantas atacadas se amarillan de abajo hacia arriba (hopper burn). Aplica insecticida sistémico en las mañanas si encuentras más de 1 insecto por planta.,IICA Guatemala
Arroz,general,cualquiera,,,info,,Control de malezas acuáticas en tablón,"El pasto de agua y otras malezas acuáticas compiten fuertemente con el arroz. Drena el tablón 3 semanas después del trasplante, aplica herbicida selectivo y vuelve a llenar. Una maleza sin controlar puede reducir el rendimiento hasta 40%.",IICA Guatemala
Arroz,general,cualquiera,,,info,,Siembra sincronizada con vecinos para reducir plagas,"Siembra dentro de una ventana de 2 semanas con las parcelas vecinas. La siembra sincronizada reduce la presión de insectos, enfermedades, aves y roedores que se concentran en parcelas solitarias.",FAO IPM Rice
Papa,humedad,muy_alto,75.0,,critica,,Alerta tizón tardío (Phytophthora infestans),"Esta es la enfermedad más destructiva de la papa en Guatemala. Con humedad alta y temperatura fresca (12-18°C), el hongo se reproduce en horas. Busca manchas cafés con halo amarillo en hojas, especialmente en el borde. Si encuentras síntomas, aplica fungicida sistémico (metalaxil + mancozeb) de inmediato y repite en 5-7 días.",CIP / MAGA Guatemala
Papa,precipitacion,alto,70.0,,critica,,Lluvia excesiva: tizón tardío inminente,Lluvias frecuentes favorecen el tizón tardío. Aplica fungicida preventivo (mancozeb o clorotalonil) cada 7-10 días mientras dure la lluvia. No esperes a ver síntomas porque el hongo puede destruir una parcela en 3-5 días.,CIP Guatemala
Papa,temperatura,muy_alto,28.0,,advertencia,,Calor inhibe formación de tubérculos,"La papa forma tubérculos entre 15-22°C. Con temperaturas sobre 28°C, la formación de tubérculos se detiene. Riega más seguido para bajar la temperatura del suelo. Considera planting en época más fresca si es posible.",CIP / Rainforest Alliance Guatemala
Papa,temperatura,muy_bajo,,5.0,critica,,Helada: daño crítico en hojas y tubérculos,"Las heladas destruyen el follaje de papa en pocas horas. En el altiplano (sobre 2,500m), cubre las plantas con plástico, paja o manta térmica antes de que anochezca cuando se esperan temperaturas bajo 5°C. Las variedades mejoradas de ICTA tienen mayor tolerancia al frío.",CIP / Rainforest Alliance Guatemala
Papa,ph_suelo,muy_bajo,,5.5,advertencia,,pH ácido causa sarna común en tubérculos,"El suelo ácido favorece la sarna común de la papa (Streptomyces scabies), que produce costras en los tubérculos. Aplica cal agrícola (3-4 kg por cuerda) al menos 30 días antes de sembrar. No apliques cal excesiva porque pH sobre 6.5 también aumenta la sarna.",CIP Guatemala
Papa,ph_suelo,alto,7.0,,info,,pH alto bloquea manganeso en papa,"Con pH mayor a 7.0, el manganeso se inmoviliza y las hojas de papa presentan amarillamiento entre las nervaduras (las venas quedan verdes). Aplica sulfato de manganeso foliar (2-3 gramos por litro de agua) si ves estos síntomas.",CIP / FAO
Papa,general,cualquiera,,,info,,Aporque: protege los tubérculos de la luz,"Realiza aporque (arrimar tierra al tallo) cuando las plantas alcanzan 20-25 cm. Los tubérculos expuestos a la luz solar se vuelven verdes y producen solanina, una sustancia tóxica. Aporca 2 veces durante el ciclo.",MAGA Guatemala
Papa,plaga,cualquiera,,,advertencia,,Trips y mosca minadora en papa,Los trips (Thrips tabaci) causan plateado en las hojas y transmiten virus. La mosca minadora (Liriomyza spp.) produce galerías blancas en las hojas. Revisa las hojas en las mañanas. Aplica insecticida sistémico (imidacloprid o abamectina) si encuentras más de 5 insectos por hoja.,MAGA Guatemala
Tomate,humedad,muy_alto,80.0,,critica,,Tizón tardío del tomate: condición crítica,"Con lluvia y alta humedad, el tizón tardío (Phytophthora infestans) puede destruir una parcela en menos de una semana. Busca manchas acuosas en hojas que se tornan cafés con halo amarillo y crecimiento blanco en el envés. Aplica metalaxil + mancozeb de inmediato. Drena el exceso de agua.",UC IPM / MAGA
Tomate,temperatura,muy_alto,32.0,,advertencia,,Calor extremo: caída de flores y frutos,"Con temperaturas sobre 32°C, el tomate pierde flores y frutos jóvenes. Riega en las primeras horas de la mañana y aplica mulch (paja o plástico negro) para mantener fresco el suelo. Usa malla sombra al 30% si el calor persiste más de 3 días.",FAO / MAGA Guatemala
Tomate,ph_suelo,alto,7.2,,advertencia,,pH alto: clorosis de hierro en tomate,"Con pH mayor a 7.2, el hierro no es absorbido por el tomate. Las hojas nuevas se vuelven amarillas pero las nervaduras quedan verdes (clorosis internerval). Aplica quelato de hierro EDTA foliar (2 g por litro) 2 veces por semana hasta que el follaje se recupere.",FAO / MAGA Guatemala
Tomate,precipitacion,muy_bajo,,45.0,advertencia,,Riego irregular causa pudrición apical,"La pudrición apical (mancha café en la punta del fruto) no es una enfermedad sino una deficiencia de calcio por riego irregular. Riega de forma constante todos los días, ya que el tomate necesita humedad uniforme para absorber calcio. Aplica calcio foliar si ya tienes frutos afectados.",UC Cooperative Extension
Tomate,plaga,cualquiera,,,critica,,Mosca blanca y virosis: principal amenaza,"La mosca blanca (Bemisia tabaci) transmite más de 8 virus en Guatemala incluyendo TYLCV que causa rizado y amarillamiento severo. Revisa el envés de las hojas diariamente. Aplica aceite de neem, imidacloprid o buprofezin. Elimina plantas con síntomas de virosis para no contagiar las demás.",MAGA / UVIRO Guatemala
Tomate,general,cualquiera,,,info,,Desbrotado semanal para mejor rendimiento,"Retira los chupones (brotes laterales que salen entre el tallo y las ramas) cada semana. Con este manejo, la planta concentra energía en 1-2 tallos principales y los frutos crecen más grandes. Corta los chupones cuando tienen 5 cm con tijera desinfectada.",MAGA Guatemala
Tomate,general,cualquiera,,,info,,Revisa tutores y amarre de tallos,Los tallos de tomate con frutos pesan mucho. Revisa que el hilo o la cuerda de amarre no estén cortando el tallo y que los postes soporten el peso. Un tallo torcido o partido puede perder toda la producción de esa rama.,MAGA Guatemala
Aguacate,precipitacion,muy_alto,85.0,,critica,,Phytophthora: encharcamiento destruye raíces,"El aguacate no tolera el agua estancada. La Phytophthora cinnamomi causa pudrición de raíz que mata el árbol en pocas semanas. Verifica que el agua drene completamente alrededor del árbol. Si el suelo retiene agua más de 24 horas, construye un bordo de tierra para desviarla.",UC IPM / IICA
Aguacate,humedad,muy_alto,85.0,,advertencia,,Alta humedad: riesgo de antracnosis,"La antracnosis (Colletotrichum gloesporioides) produce manchas negras en frutos y hojas, reduciendo la calidad. Mejora la ventilación podando ramas que se cruzan. Aplica fungicida cúprico preventivo al inicio de la fructificación.",IICA Guatemala
Aguacate,precipitacion,muy_bajo,,40.0,advertencia,,Riego en floración y cuajado,"El aguacate necesita agua constante durante la floración y el cuajado del fruto. Riega profundo (hasta 60 cm) 2 veces por semana. Un déficit hídrico en esta etapa causa caída de frutos pequeños (escape), que puede reducir la cosecha hasta un 40%.",IICA / Ramirez-Godinez 2019
Aguacate,temperatura,muy_alto,33.0,,advertencia,,Calor extremo quema flores del aguacate,"Con temperaturas sobre 33°C las flores del aguacate se secan antes de ser polinizadas. Si el árbol está en floración, riega en las tardes para bajar la temperatura del microclima del árbol. Planta polinizadores de variedad tipo B cerca si tienes variedad tipo A.",IICA Guatemala
Aguacate,temperatura,muy_bajo,,12.0,critica,,Helada: daño severo en aguacate joven,"Temperaturas bajo 12°C dañan los brotes y frutos del aguacate, especialmente en árboles jóvenes. Usa manta térmica o cúbrelos con plástico la noche que se espera helada. Las variedades guatemaltecas (Nabal, MacArthur) toleran hasta -1.6°C.",UC IPM / IICA
Aguacate,plaga,cualquiera,,,advertencia,,Trips y ácaros: daño en frutos y hojas,"Los trips (Heliothrips haemorrhoidalis) producen zonas plateadas o bronceadas en frutos y hojas, reduciendo la calidad comercial. Los ácaros producen puntitos blancos en el envés. Aplica azufre mojable o aceite de neem al primer signo de daño.",IICA Guatemala
Aguacate,general,cualquiera,,,info,,Poda para ventilación de la copa,"Poda las ramas que se cruzan, tocan el suelo o crean zonas muy densas en la copa. Una copa bien ventilada reduce la humedad interna, disminuye enfermedades y facilita la fumigación. Realiza la poda después de la cosecha.",IICA Guatemala
Aguacate,ph_suelo,muy_alto,7.5,,advertencia,,pH alcalino bloquea hierro y zinc en aguacate,"El aguacate prefiere pH entre 5.5-7.0. Con pH mayor a 7.5, el hierro y el zinc no son absorbidos y las hojas se vuelven amarillas con nervaduras verdes. Aplica sulfato ferroso (100-200 g por árbol) mezclado con agua al pie del árbol. Agrega también compost ácido.",IICA Guatemala
Cacao,humedad,muy_alto,80.0,,critica,,Monilla (Moniliophthora roreri): emergencia sanitaria,"La monilla es la principal enfermedad del cacao en Guatemala. Con esta humedad se reproduce muy rápido. Busca mazorcas con bultos brillantes, manchas cafés de bordes irregulares o polvo blanco/gris. Retira todas las mazorcas infectadas del árbol antes de que aparezca el polvo blanco (esporas) y destrúyelas lejos del lote. No las dejes en el suelo.",ICCO / IICA Guatemala
Cacao,humedad,alto,70.0,,advertencia,,Monitoreo de mazorca negra (Phytophthora palmivora),Con esta humedad hay condiciones para mazorca negra. Busca mazorcas con manchas cafés acuosas que se expanden rápido. Esta enfermedad puede pudrirse internamente aunque la cáscara se vea casi normal. Aplica fungicida cúprico preventivo y mejora el drenaje.,ICCO / FAO
Cacao,precipitacion,muy_alto,90.0,,advertencia,,Lluvias intensas favorecen mazorca negra,Las lluvias fuertes propagan las esporas de Phytophthora por salpicadura de agua. Asegura que el agua no se acumule en la base de los árboles. Poda las ramas bajas para que las mazorcas no tengan contacto con el suelo húmedo.,ICCO Guatemala
Cacao,temperatura,muy_alto,30.0,,advertencia,,Sombra insuficiente con calor extremo,"El cacao no tolera el sol directo. Verifica que la sombra de los árboles cubra entre 40-50% del lote. Con calor extremo y poca sombra, la floración se reduce y las mazorcas se secan antes de madurar.",IICA / FAO Cacao
Cacao,temperatura,muy_bajo,,18.0,advertencia,,Temperatura baja fuera del rango óptimo del cacao,"El cacao crece bien entre 20-28°C. Temperaturas menores a 18°C retardan el crecimiento y la floración. En zonas altas, planta en exposición sur con protección contra el viento frío.",IICA Guatemala
Cacao,ph_suelo,muy_bajo,,5.5,advertencia,,pH ácido limita absorción de nutrientes en cacao,"El cacao prefiere pH entre 6.0-7.0. Con pH bajo, aplica cal dolomítica (1-2 kg por árbol) mezclada con el suelo alrededor del tallo. Combina siempre con materia orgánica abundante (pulpa de cacao o compost).",IICA Guatemala
Cacao,plaga,cualquiera,,,advertencia,,Barrenador del tronco (Xyleborus ferrugineus),Los árboles de cacao débiles o estresados son atacados por el barrenador. Busca agujeros pequeños con aserrín en el tronco y ramas. Aplica pasta cicatrizante con insecticida en las perforaciones. Mantén los árboles bien nutridos para aumentar su resistencia.,IICA Guatemala
Cacao,general,cualquiera,,,info,,Poda de mantenimiento del cacao,"Realiza poda cada 3-4 meses: elimina los chupones del tronco (limpien el cojín floral), ramas secas o enfermas, y ramas que se cruzan. Una copa bien formada con 3-4 ramas principales produce más mazorcas y reduce las enfermedades.",IICA / ICCO
Cacao,general,cualquiera,,,info,,Cosecha frecuente para reducir enfermedades,Cosecha las mazorcas maduras (amarillas o rojas) cada 7-10 días. Las mazorcas muy maduras o podridas que se quedan en el árbol son fuente de infección de monilla y mazorca negra. La cosecha frecuente es la práctica más importante para reducir enfermedades.,ICCO / IICA Guatemala
Maiz,temperatura,muy_bajo,,18.0,advertencia,,Temperatura fresca: crecimiento lento en maíz,"El maíz rinde mejor en ambientes cálidos. Si la temperatura media cae por debajo de 18 °C, retrasa siembras nuevas, usa cobertura para conservar calor del suelo y evita riegos nocturnos prolongados en plántulas.",https://ecocrop.apps.fao.org/ecocrop/srv/en/dataSheet?id=238663 | https://www.fao.org/land-water/databases-and-software/crop-information/maize/en/
Maiz,temperatura,muy_alto,33.0,,advertencia,,Calor alto: aumenta el estrés hídrico,"Por encima de 33 °C el cultivo entra en una zona menos favorable. Prioriza riego temprano, conserva humedad con mulch y vigila floración y llenado de grano porque el estrés térmico reduce rendimiento.",https://ecocrop.apps.fao.org/ecocrop/srv/en/dataSheet?id=238663 | https://www.fao.org/land-water/databases-and-software/crop-information/maize/en/
Maiz,precipitacion,muy_bajo,,600.0,advertencia,,Lluvia insuficiente para maíz de temporal,"Con menos de 600 mm al año el maíz de temporal suele requerir apoyo. Considera riego suplementario, siembra en fechas con mejor probabilidad de lluvia y conserva humedad con cobertura vegetal.",https://ecocrop.apps.fao.org/ecocrop/srv/en/dataSheet?id=238663 | https://www.fao.org/land-water/databases-and-software/crop-information/maize/en/
Maiz,precipitacion,muy_alto,1200.0,,advertencia,,Exceso de lluvia: vigila anegamiento,"Arriba de 1200 mm anuales aumenta el riesgo de suelos saturados y enfermedades. Mantén surcos y drenajes limpios, evita compactación y revisa raíces si el suelo permanece encharcado varios días.",https://ecocrop.apps.fao.org/ecocrop/srv/en/dataSheet?id=238663 | https://www.fao.org/land-water/databases-and-software/crop-information/maize/en/
Maiz,ph_suelo,muy_bajo,,5.0,advertencia,,pH demasiado ácido para maíz,Con pH por debajo de 5.0 puede disminuir la disponibilidad de nutrientes. Haz análisis de suelo y corrige gradualmente con encalado cuando corresponda antes de la próxima siembra.,https://ecocrop.apps.fao.org/ecocrop/srv/en/dataSheet?id=238663 | https://www.fao.org/land-water/databases-and-software/crop-information/maize/en/
Maiz,ph_suelo,alto,7.0,,advertencia,,pH alto: posible bloqueo de micronutrientes,"Si el pH supera 7.0, vigila clorosis y deficiencias de micronutrientes. Ajusta fertilización con base en análisis de suelo y evita aplicaciones innecesarias de materiales alcalinos.",https://ecocrop.apps.fao.org/ecocrop/srv/en/dataSheet?id=238663 | https://www.fao.org/land-water/databases-and-software/crop-information/maize/en/
Maiz,general,cualquiera,,,info,,Maíz prefiere suelo bien drenado,El maíz responde mejor en suelos bien drenados. Reduce tránsito de maquinaria sobre suelo húmedo y favorece estructura suelta para mejorar aireación y exploración radicular.,https://ecocrop.apps.fao.org/ecocrop/srv/en/dataSheet?id=238663 | https://www.fao.org/land-water/databases-and-software/crop-information/maize/en/
Maiz,general,cualquiera,,,info,,Alta radiación favorece el cultivo,El maíz es un cultivo de alta demanda lumínica. Evita sombreo excesivo y mantén una densidad de siembra que permita buena interceptación de luz sin cerrar demasiado el dosel.,https://ecocrop.apps.fao.org/ecocrop/srv/en/dataSheet?id=238663 | https://www.fao.org/land-water/databases-and-software/crop-information/maize/en/
Frijol,temperatura,muy_bajo,,15.0,advertencia,,Frío: frijol ralentiza crecimiento,El frijol común tiene mejor desempeño en temperaturas templadas. Debajo de 15 °C retrasa siembras sensibles y evita excesos de humedad para reducir daño en emergencia.,https://ecocrop.apps.fao.org/ecocrop/srv/en/dataSheet?id=1668 | https://www.fao.org/land-water/databases-and-software/crop-information/bean/en/
Frijol,temperatura,muy_alto,27.0,,advertencia,,Calor elevado: riesgo de aborto floral,Temperaturas por arriba de 27 °C favorecen caída de flores y menor amarre de vainas. Prioriza humedad estable del suelo y evita estrés adicional por maleza o deficiencias nutricionales.,https://ecocrop.apps.fao.org/ecocrop/srv/en/dataSheet?id=1668 | https://www.fao.org/land-water/databases-and-software/crop-information/bean/en/
Frijol,precipitacion,muy_bajo,,500.0,advertencia,,Déficit de lluvia en frijol,"Con lluvia anual por debajo de 500 mm, aumenta el riesgo de fallas en floración y llenado. Usa riego de apoyo cuando sea posible y conserva humedad con cobertura ligera.",https://ecocrop.apps.fao.org/ecocrop/srv/en/dataSheet?id=1668 | https://www.fao.org/land-water/databases-and-software/crop-information/bean/en/
Frijol,precipitacion,muy_alto,2000.0,,advertencia,,Lluvia excesiva: más presión de enfermedades,"Cuando la lluvia supera el rango óptimo, mejora el drenaje y la ventilación del cultivo. Evita labores con follaje mojado para no diseminar patógenos.",https://ecocrop.apps.fao.org/ecocrop/srv/en/dataSheet?id=1668 | https://www.fao.org/land-water/databases-and-software/crop-information/bean/en/
Frijol,ph_suelo,muy_bajo,,5.5,advertencia,,Acidez limita nodulación y absorción,"Bajo pH disminuye el ambiente favorable para Rhizobium y algunos nutrientes. Verifica pH del lote, corrige gradualmente la acidez y usa semilla inoculada cuando aplique.",https://ecocrop.apps.fao.org/ecocrop/srv/en/dataSheet?id=1668 | https://www.fao.org/land-water/databases-and-software/crop-information/bean/en/
Frijol,ph_suelo,alto,7.5,,advertencia,,Alcalinidad alta: vigila micronutrientes,"Si el pH pasa de 7.5, monitorea clorosis y crecimiento reducido. Ajusta nutrición con base en análisis y evita sobredosificar correctivos alcalinos.",https://ecocrop.apps.fao.org/ecocrop/srv/en/dataSheet?id=1668 | https://www.fao.org/land-water/databases-and-software/crop-information/bean/en/
Frijol,general,cualquiera,,,info,,Frijol responde mejor con buena aireación,Prefiere suelos bien drenados y ventilados. Mantén distancias de siembra que faciliten secado del follaje y reduce aspersiones tardías si la humedad ambiental ya es alta.,https://ecocrop.apps.fao.org/ecocrop/srv/en/dataSheet?id=1668 | https://www.fao.org/land-water/databases-and-software/crop-information/bean/en/
Frijol,general,cualquiera,,,info,,Momento crítico: floración y llenado,"En frijol, el estrés hídrico y térmico pesa más durante floración y llenado. Programa monitoreo más frecuente en esas fases y corrige problemas de agua con rapidez.",https://ecocrop.apps.fao.org/ecocrop/srv/en/dataSheet?id=1668 | https://www.fao.org/land-water/databases-and-software/crop-information/bean/en/
Arroz,temperatura,muy_bajo,,20.0,advertencia,,Temperatura baja para arroz,"El arroz se desempeña mejor en ambientes cálidos. Si la temperatura media baja de 20 °C, pueden retrasarse desarrollo y macollamiento; ajusta fecha de siembra y evita lotes fríos.",https://ecocrop.apps.fao.org/ecocrop/srv/en/dataSheet?id=1574 | https://www.fao.org/land-water/databases-and-software/crop-information/rice/en/
Arroz,temperatura,muy_alto,30.0,,advertencia,,Calor alto: vigila esterilidad floral,"Temperaturas por encima de 30 °C se salen del rango óptimo del arroz. Mantén manejo hídrico estable y monitorea la floración, etapa especialmente sensible al estrés térmico.",https://ecocrop.apps.fao.org/ecocrop/srv/en/dataSheet?id=1574 | https://www.fao.org/land-water/databases-and-software/crop-information/rice/en/
Arroz,precipitacion,muy_bajo,,1500.0,advertencia,,Lluvia baja para sistemas arroceros,"Si la lluvia anual cae por debajo de 1500 mm, el cultivo puede necesitar riego o manejo más estricto del agua. Revisa disponibilidad hídrica antes de ampliar área sembrada.",https://ecocrop.apps.fao.org/ecocrop/srv/en/dataSheet?id=1574 | https://www.fao.org/land-water/databases-and-software/crop-information/rice/en/
Arroz,precipitacion,muy_alto,2000.0,,advertencia,,Exceso hídrico: maneja lámina y escorrentía,"Aunque el arroz tolera saturación, lluvias muy altas pueden complicar manejo de malezas, fertilización y cosecha. Controla escorrentía y evita pérdidas de nutrientes.",https://ecocrop.apps.fao.org/ecocrop/srv/en/dataSheet?id=1574 | https://www.fao.org/land-water/databases-and-software/crop-information/rice/en/
Arroz,ph_suelo,muy_bajo,,5.5,advertencia,,Acidez fuera del rango óptimo,Bajo pH disminuye el ambiente óptimo del arroz y puede afectar disponibilidad de nutrientes. Verifica pH y corrige de forma planificada si el lote es muy ácido.,https://ecocrop.apps.fao.org/ecocrop/srv/en/dataSheet?id=1574 | https://www.fao.org/land-water/databases-and-software/crop-information/rice/en/
Arroz,ph_suelo,alto,7.0,,advertencia,,pH alto: revisar nutrición del arroz,"Si el pH supera 7.0, revisa síntomas de deficiencia y ajusta fertilización según análisis de suelo y agua.",https://ecocrop.apps.fao.org/ecocrop/srv/en/dataSheet?id=1574 | https://www.fao.org/land-water/databases-and-software/crop-information/rice/en/
Arroz,general,cualquiera,,,info,,El arroz tolera mal drenaje,"A diferencia de otros cultivos, el arroz puede producir bien en suelos pobres en drenaje. Aun así, mantén control de la lámina de agua para evitar pérdidas de fertilizante y problemas de cosecha.",https://ecocrop.apps.fao.org/ecocrop/srv/en/dataSheet?id=1574 | https://www.fao.org/land-water/databases-and-software/crop-information/rice/en/
Arroz,general,cualquiera,,,info,,Alta radiación mejora el potencial del cultivo,El arroz aprovecha bien ambientes luminosos. Minimiza sombreo y mantén nivelación del lote para uniformar agua y crecimiento.,https://ecocrop.apps.fao.org/ecocrop/srv/en/dataSheet?id=1574 | https://www.fao.org/land-water/databases-and-software/crop-information/rice/en/
Papa,temperatura,muy_bajo,,15.0,advertencia,,Ambiente frío: crecimiento lento de papa,"La papa tolera clima fresco, pero por debajo de 15 °C el desarrollo se hace más lento. Ajusta fecha de siembra y protege brotes jóvenes si hay riesgo de helada.",https://ecocrop.apps.fao.org/ecocrop/srv/en/dataSheet?id=1971 | https://www.fao.org/land-water/databases-and-software/crop-information/potato/en/
Papa,temperatura,muy_alto,25.0,,advertencia,,Calor: baja formación de tubérculos,"Por encima de 25 °C disminuye la condición óptima para tuberización. Usa mulch, riego oportuno y evita estrés hídrico en formación de tubérculos.",https://ecocrop.apps.fao.org/ecocrop/srv/en/dataSheet?id=1971 | https://www.fao.org/land-water/databases-and-software/crop-information/potato/en/
Papa,precipitacion,muy_bajo,,500.0,advertencia,,Lluvia baja: riesgo para tamaño de tubérculo,Con menos de 500 mm anuales se incrementa la necesidad de riego o de buena conservación de humedad. Mantén humedad uniforme para evitar deformaciones y rajaduras.,https://ecocrop.apps.fao.org/ecocrop/srv/en/dataSheet?id=1971 | https://www.fao.org/land-water/databases-and-software/crop-information/potato/en/
Papa,precipitacion,muy_alto,800.0,,advertencia,,Lluvia alta: aumenta riesgo sanitario,Arriba de 800 mm anuales la presión de enfermedades y problemas de pudrición suele aumentar. Refuerza drenaje y evita compactación en caballones.,https://ecocrop.apps.fao.org/ecocrop/srv/en/dataSheet?id=1971 | https://www.fao.org/land-water/databases-and-software/crop-information/potato/en/
Papa,ph_suelo,muy_bajo,,5.0,advertencia,,pH demasiado bajo para manejo estable,"La papa se adapta a suelos algo ácidos, pero por debajo de 5.0 conviene revisar aluminio y disponibilidad de nutrientes. Basa cualquier corrección en análisis de suelo.",https://ecocrop.apps.fao.org/ecocrop/srv/en/dataSheet?id=1971 | https://www.fao.org/land-water/databases-and-software/crop-information/potato/en/
Papa,ph_suelo,alto,6.2,,advertencia,,pH alto: fuera del rango óptimo de papa,"Si el pH supera 6.2, la papa sale del rango óptimo reportado por Ecocrop. Monitorea nutrición y ajusta manejo según análisis.",https://ecocrop.apps.fao.org/ecocrop/srv/en/dataSheet?id=1971 | https://www.fao.org/land-water/databases-and-software/crop-information/potato/en/
Papa,general,cualquiera,,,info,,La papa se adapta bien a zonas altas,"Es un cultivo apto para altitudes elevadas y climas frescos. En laderas, combina barreras de conservación y drenaje para evitar erosión y pérdida de suelo.",https://ecocrop.apps.fao.org/ecocrop/srv/en/dataSheet?id=1971 | https://www.fao.org/land-water/databases-and-software/crop-information/potato/en/
Papa,general,cualquiera,,,info,,Suelo suelto y drenado favorece tubérculos,"La formación de tubérculos mejora en suelos aireados y bien drenados. Evita compactación, prepara caballones firmes y no dejes agua estancada.",https://ecocrop.apps.fao.org/ecocrop/srv/en/dataSheet?id=1971 | https://www.fao.org/land-water/databases-and-software/crop-information/potato/en/
Tomate,temperatura,muy_bajo,,18.0,advertencia,,Temperatura baja: el tomate se enlentece,"El tomate crece mejor entre 18 y 25 °C. Si el ambiente está por debajo de 18 °C, protege plántulas y evita trasplantes en días fríos o ventosos.",https://www.fao.org/land-water/databases-and-software/crop-information/tomato/en/ | https://ecocrop.apps.fao.org/ecocrop/srv/en/cropView?id=9825
Tomate,temperatura,muy_alto,25.0,,advertencia,,Calor: floración y cuajado se vuelven inestables,"Arriba de 25 °C, sobre todo con alta humedad y viento, el rendimiento puede bajar. Procura humedad constante en suelo, sombra ligera temporal en vivero y buena ventilación.",https://www.fao.org/land-water/databases-and-software/crop-information/tomato/en/ | https://ecocrop.apps.fao.org/ecocrop/srv/en/cropView?id=9825
Tomate,precipitacion,muy_bajo,,1200.0,advertencia,,Lluvia baja: aumenta dependencia del riego,Con menos de 1200 mm anuales el cultivo suele depender más del riego para sostener crecimiento y fructificación. Programa riegos uniformes y evita ciclos de sequía-empape.,https://www.fao.org/land-water/databases-and-software/crop-information/tomato/en/ | https://ecocrop.apps.fao.org/ecocrop/srv/en/cropView?id=9825
Tomate,precipitacion,muy_alto,1600.0,,advertencia,,Lluvia alta: más problemas de rajado y enfermedad,"En ambientes muy lluviosos, mejora drenaje, tutorado y ventilación. Reduce mojado prolongado del follaje para bajar presión de enfermedades.",https://www.fao.org/land-water/databases-and-software/crop-information/tomato/en/ | https://ecocrop.apps.fao.org/ecocrop/srv/en/cropView?id=9825
Tomate,ph_suelo,muy_bajo,,5.0,advertencia,,Acidez alta: tomate sale del rango preferido,"FAO reporta preferencia por suelos de pH 5 a 7. Si el lote baja de 5.0, revisa acidez y disponibilidad de nutrientes antes de fertilizar más.",https://www.fao.org/land-water/databases-and-software/crop-information/tomato/en/ | https://ecocrop.apps.fao.org/ecocrop/srv/en/cropView?id=9825
Tomate,ph_suelo,alto,7.0,,advertencia,,pH alcalino: vigila clorosis y rendimiento,"Cuando el pH supera 7.0, monitorea micronutrientes y crecimiento. Ajusta fertilización con base en análisis, no por rutina.",https://www.fao.org/land-water/databases-and-software/crop-information/tomato/en/ | https://ecocrop.apps.fao.org/ecocrop/srv/en/cropView?id=9825
Tomate,general,cualquiera,,,info,,Evita el anegamiento en tomate,"FAO señala que el encharcamiento incrementa enfermedades como marchitez bacteriana. Mantén camas altas, drenaje funcional y riegos más frecuentes pero moderados.",https://www.fao.org/land-water/databases-and-software/crop-information/tomato/en/ | https://ecocrop.apps.fao.org/ecocrop/srv/en/cropView?id=9825
Tomate,general,cualquiera,,,info,,En trópico suele rendir mejor en altura media,"El tomate puede cultivarse desde nivel del mar hasta 2000 m en trópico, y FAO reporta que a menudo rinde mejor por encima de 1000 m. Ajusta variedad y fecha según altitud local.",https://www.fao.org/land-water/databases-and-software/crop-information/tomato/en/ | https://ecocrop.apps.fao.org/ecocrop/srv/en/cropView?id=9825
Aguacate,temperatura,muy_bajo,,15.0,advertencia,,Frío: crecimiento lento y más riesgo de daño,"El aguacate guatemalteco tiene rango óptimo cercano a 15-24 °C. Si el sitio cae por debajo de 15 °C de forma persistente, protege plantas jóvenes y evita podas fuertes antes de frentes fríos.",https://ecocrop.apps.fao.org/ecocrop/srv/en/dataSheet?id=17645 | https://ecocrop.apps.fao.org/ecocrop/srv/en/dataSheet?id=17646
Aguacate,temperatura,muy_alto,26.0,,advertencia,,Temperatura alta: mayor demanda de agua,"Cuando la temperatura supera el rango óptimo, el árbol demanda más agua y aumenta el riesgo de caída de flores o frutos pequeños. Refuerza mulch y monitorea humedad del suelo.",https://ecocrop.apps.fao.org/ecocrop/srv/en/dataSheet?id=17645 | https://ecocrop.apps.fao.org/ecocrop/srv/en/dataSheet?id=17646
Aguacate,precipitacion,muy_bajo,,1000.0,advertencia,,Lluvia insuficiente para aguacate,Por debajo de 1000 mm anuales el cultivo puede resentirse si no se compensa con riego. Prioriza riego profundo y espaciado en vez de riegos superficiales frecuentes.,https://ecocrop.apps.fao.org/ecocrop/srv/en/dataSheet?id=17645 | https://ecocrop.apps.fao.org/ecocrop/srv/en/dataSheet?id=17646
Aguacate,precipitacion,muy_alto,1400.0,,advertencia,,Exceso de lluvia: vigila asfixia radicular,"Lluvias muy por encima del rango óptimo aumentan riesgo de saturación y problemas de raíz. Mantén drenaje, evita compactación y no riegues si el perfil ya está húmedo.",https://ecocrop.apps.fao.org/ecocrop/srv/en/dataSheet?id=17645 | https://ecocrop.apps.fao.org/ecocrop/srv/en/dataSheet?id=17646
Aguacate,ph_suelo,muy_bajo,,5.0,advertencia,,pH muy ácido para aguacate,Con pH menor a 5.0 disminuye la calidad del ambiente radicular. Verifica acidez y corrige de forma gradual antes de establecer nuevas plantas.,https://ecocrop.apps.fao.org/ecocrop/srv/en/dataSheet?id=17645 | https://ecocrop.apps.fao.org/ecocrop/srv/en/dataSheet?id=17646
Aguacate,ph_suelo,alto,7.0,,advertencia,,pH alto: posible desbalance nutricional,"Si el pH rebasa 7.0, vigila deficiencias de micronutrientes y usa análisis de suelo y hoja para ajustar fertilización.",https://ecocrop.apps.fao.org/ecocrop/srv/en/dataSheet?id=17645 | https://ecocrop.apps.fao.org/ecocrop/srv/en/dataSheet?id=17646
Aguacate,general,cualquiera,,,info,,Aguacate necesita drenaje excelente,El cultivo responde mejor en suelos bien drenados. Nunca mantengas agua estancada cerca del cuello y favorece infiltración sin compactar el suelo.,https://ecocrop.apps.fao.org/ecocrop/srv/en/dataSheet?id=17645 | https://ecocrop.apps.fao.org/ecocrop/srv/en/dataSheet?id=17646
Aguacate,general,cualquiera,,,info,,La raza guatemalteca tolera mejor altitud media-alta,Los datos de Ecocrop reportan adaptación de la raza guatemalteca hasta unos 2400 m y de la raza antillana a zonas más bajas. Selecciona material vegetal acorde con tu altitud.,https://ecocrop.apps.fao.org/ecocrop/srv/en/dataSheet?id=17645 | https://ecocrop.apps.fao.org/ecocrop/srv/en/dataSheet?id=17646
Banano,temperatura,muy_bajo,,22.0,advertencia,,Temperatura fresca: se frena el banano,"El banano prefiere climas cálidos; FAO reporta un óptimo cercano a 27 °C y Ecocrop 22-32 °C. Si el ambiente baja de 22 °C de forma sostenida, el crecimiento se vuelve más lento.",https://ecocrop.apps.fao.org/ecocrop/srv/en/dataSheet?id=2483 | https://www.fao.org/land-water/databases-and-software/crop-information/banana/en/
Banano,temperatura,muy_alto,32.0,,advertencia,,Calor fuerte: sube la demanda de agua,"Con calor por arriba de 32 °C, el banano requiere vigilancia de humedad y protección frente a sequía y viento. Revisa riego y cobertura del suelo.",https://ecocrop.apps.fao.org/ecocrop/srv/en/dataSheet?id=2483 | https://www.fao.org/land-water/databases-and-software/crop-information/banana/en/
Banano,precipitacion,muy_bajo,,2000.0,advertencia,,Lluvia baja para banano,"FAO y Ecocrop coinciden en que el banano tiene alta demanda de agua. Por debajo de 2000 mm anuales bien distribuidos, evalúa riego suplementario.",https://ecocrop.apps.fao.org/ecocrop/srv/en/dataSheet?id=2483 | https://www.fao.org/land-water/databases-and-software/crop-information/banana/en/
Banano,precipitacion,muy_alto,2700.0,,advertencia,,Lluvia muy alta: más riesgo sanitario,"Si la lluvia supera el rango óptimo, mejora drenaje e infiltración y reduce acumulación de agua cerca de las plantas para bajar presión de enfermedades.",https://ecocrop.apps.fao.org/ecocrop/srv/en/dataSheet?id=2483 | https://www.fao.org/land-water/databases-and-software/crop-information/banana/en/
Banano,ph_suelo,muy_bajo,,5.0,advertencia,,Acidez alta en suelo bananero,"El rango óptimo reportado es aproximadamente 5.0-7.0. Si el pH cae por debajo de 5.0, revisa fertilidad y encalado con análisis previo.",https://ecocrop.apps.fao.org/ecocrop/srv/en/dataSheet?id=2483 | https://www.fao.org/land-water/databases-and-software/crop-information/banana/en/
Banano,ph_suelo,alto,7.0,,advertencia,,Suelo alcalino: vigila absorción de nutrientes,"Cuando el pH sube por encima de 7.0, monitorea deficiencias y evita aplicaciones que aumenten más la alcalinidad.",https://ecocrop.apps.fao.org/ecocrop/srv/en/dataSheet?id=2483 | https://www.fao.org/land-water/databases-and-software/crop-information/banana/en/
Banano,general,cualquiera,,,info,,Banano es sensible a viento y sequía,"Ecocrop señala susceptibilidad a viento y sequía. Refuerza cortinas rompeviento, cobertura del suelo y manejo del agua en épocas secas.",https://ecocrop.apps.fao.org/ecocrop/srv/en/dataSheet?id=2483 | https://www.fao.org/land-water/databases-and-software/crop-information/banana/en/
Banano,general,cualquiera,,,info,,Drenaje y materia orgánica son claves,"El banano necesita suelo profundo, fértil y bien drenado. Mejora estructura con residuos orgánicos y evita compactar alrededor de la planta.",https://ecocrop.apps.fao.org/ecocrop/srv/en/dataSheet?id=2483 | https://www.fao.org/land-water/databases-and-software/crop-information/banana/en/
Sorgo,temperatura,muy_bajo,,22.0,advertencia,,Temperatura baja para sorgo,El sorgo es de clima cálido; por debajo de 22 °C se aleja del rango óptimo. Ajusta siembra para evitar fases críticas en periodos frescos.,https://ecocrop.apps.fao.org/ecocrop/srv/en/dataSheet?id=48747 | https://www.fao.org/land-water/databases-and-software/crop-information/sorghum/en/
Sorgo,temperatura,muy_alto,35.0,,advertencia,,Calor extremo: vigila humedad del perfil,"Aunque el sorgo es resistente, temperaturas por encima de 35 °C pueden aumentar el estrés si falta agua. Conserva humedad y evita competencia de malezas.",https://ecocrop.apps.fao.org/ecocrop/srv/en/dataSheet?id=48747 | https://www.fao.org/land-water/databases-and-software/crop-information/sorghum/en/
Sorgo,precipitacion,muy_bajo,,400.0,advertencia,,Lluvia muy baja incluso para sorgo,"FAO lo describe como cultivo resistente a sequía, pero por debajo de 400 mm anuales el riesgo productivo sube. Considera variedades precoces o riego de apoyo.",https://ecocrop.apps.fao.org/ecocrop/srv/en/dataSheet?id=48747 | https://www.fao.org/land-water/databases-and-software/crop-information/sorghum/en/
Sorgo,precipitacion,muy_alto,600.0,,advertencia,,Lluvia alta: revisa sanidad y drenaje,"Cuando la lluvia supera el rango óptimo del sorgo, presta más atención a drenaje y enfermedades. Evita suelos con saturación prolongada.",https://ecocrop.apps.fao.org/ecocrop/srv/en/dataSheet?id=48747 | https://www.fao.org/land-water/databases-and-software/crop-information/sorghum/en/
Sorgo,ph_suelo,muy_bajo,,5.5,advertencia,,Acidez fuera del óptimo del sorgo,"Si el pH baja de 5.5, conviene revisar fertilidad y aluminio intercambiable antes de aumentar fertilización nitrogenada.",https://ecocrop.apps.fao.org/ecocrop/srv/en/dataSheet?id=48747 | https://www.fao.org/land-water/databases-and-software/crop-information/sorghum/en/
Sorgo,ph_suelo,alto,7.5,,advertencia,,Alcalinidad alta en sorgo,Por encima de 7.5 pueden presentarse limitaciones nutricionales. Ajusta manejo según análisis de suelo.,https://ecocrop.apps.fao.org/ecocrop/srv/en/dataSheet?id=48747 | https://www.fao.org/land-water/databases-and-software/crop-information/sorghum/en/
Sorgo,general,cualquiera,,,info,,Cultivo apto para ambientes secos,El sorgo destaca en zonas de lluvia baja o errática. Es una buena alternativa cuando el maíz de temporal tiene alto riesgo hídrico.,https://ecocrop.apps.fao.org/ecocrop/srv/en/dataSheet?id=48747 | https://www.fao.org/land-water/databases-and-software/crop-information/sorghum/en/
Sorgo,general,cualquiera,,,info,,Prefiere buen drenaje aun en secano,"Aunque tolera sequía, el sorgo no agradece saturación prolongada. Mantén estructura del suelo y salida de agua superficial.",https://ecocrop.apps.fao.org/ecocrop/srv/en/dataSheet?id=48747 | https://www.fao.org/land-water/databases-and-software/crop-information/sorghum/en/
Soya,temperatura,muy_bajo,,20.0,advertencia,,Temperatura baja: soya arranca lento,La soya es un cultivo de estación cálida. Por debajo de 20 °C el crecimiento inicial y la nodulación pueden hacerse más lentos.,https://ecocrop.apps.fao.org/ecocrop/srv/en/dataSheet?id=1150 | https://www.fao.org/land-water/databases-and-software/crop-information/soybean/en/
Soya,temperatura,muy_alto,33.0,,advertencia,,Calor alto: aumenta el estrés de la soya,Temperaturas superiores a 33 °C salen del rango óptimo reportado por Ecocrop. Mantén humedad suficiente en floración y llenado de grano.,https://ecocrop.apps.fao.org/ecocrop/srv/en/dataSheet?id=1150 | https://www.fao.org/land-water/databases-and-software/crop-information/soybean/en/
Soya,precipitacion,muy_bajo,,600.0,advertencia,,Lluvia baja: soya puede requerir apoyo,"Con menos de 600 mm anuales, la soya se vuelve más dependiente de distribución de lluvias o riego. Conserva humedad y controla malezas temprano.",https://ecocrop.apps.fao.org/ecocrop/srv/en/dataSheet?id=1150 | https://www.fao.org/land-water/databases-and-software/crop-information/soybean/en/
Soya,precipitacion,muy_alto,1500.0,,advertencia,,Lluvia excesiva: vigila aireación radicular,Por encima de 1500 mm aumenta el riesgo de suelos saturados y enfermedades. Prioriza drenaje y evita compactación.,https://ecocrop.apps.fao.org/ecocrop/srv/en/dataSheet?id=1150 | https://www.fao.org/land-water/databases-and-software/crop-information/soybean/en/
Soya,ph_suelo,muy_bajo,,5.5,advertencia,,Acidez limita el ambiente óptimo de la soya,"Si el pH baja de 5.5, revisa acidez y condiciones para nodulación. Corrige gradualmente con análisis previo.",https://ecocrop.apps.fao.org/ecocrop/srv/en/dataSheet?id=1150 | https://www.fao.org/land-water/databases-and-software/crop-information/soybean/en/
Soya,ph_suelo,alto,6.5,,advertencia,,pH alto: fuera del óptimo de la soya,"Ecocrop sitúa el óptimo cerca de 5.5-6.5. Si el pH supera 6.5, monitorea micronutrientes y ajusta fertilización con análisis.",https://ecocrop.apps.fao.org/ecocrop/srv/en/dataSheet?id=1150 | https://www.fao.org/land-water/databases-and-software/crop-information/soybean/en/
Soya,general,cualquiera,,,info,,La inoculación ayuda a aprovechar nitrógeno,"Al ser leguminosa, la soya se beneficia de buena nodulación. Usa semilla de calidad e inoculación apropiada cuando el historial del lote lo requiera.",https://ecocrop.apps.fao.org/ecocrop/srv/en/dataSheet?id=1150 | https://www.fao.org/land-water/databases-and-software/crop-information/soybean/en/
Soya,general,cualquiera,,,info,,Soya necesita buena luz y humedad estable,"La soya responde mejor con alta radiación y humedad del suelo relativamente estable, sobre todo en floración y llenado.",https://ecocrop.apps.fao.org/ecocrop/srv/en/dataSheet?id=1150 | https://www.fao.org/land-water/databases-and-software/crop-information/soybean/en/
Cafe,temperatura,muy_bajo,,18.0,advertencia,,Ambiente fresco para café arábica,"World Coffee Research reporta para arábica un rango óptimo medio anual cercano a 18-21 °C. Si el sitio es más frío, el crecimiento puede enlentecerse y subir el riesgo de daño por bajas temperaturas.",https://worldcoffeeresearch.org/news/2018/coping-with-32 | https://www.aboutcoffee.org/origins/coffee-regions-of-the-world/
Cafe,temperatura,muy_alto,24.0,,advertencia,,Calor sostenido reduce aptitud del café,"WCR indica que arábica pierde aptitud con ambientes más cálidos; mantén sombra regulada, cobertura y manejo del agua para amortiguar calor.",https://worldcoffeeresearch.org/news/2018/coping-with-32 | https://www.aboutcoffee.org/origins/coffee-regions-of-the-world/
Cafe,altitud,muy_bajo,,975.0,advertencia,,Altitud baja: más presión de calor en arábica,"La National Coffee Association ubica el arábica usualmente entre 3200 y 4900 pies. En zonas más bajas, monitorea calor, broca y calidad de taza con más atención.",https://worldcoffeeresearch.org/news/2018/coping-with-32 | https://www.aboutcoffee.org/origins/coffee-regions-of-the-world/
Cafe,general,cualquiera,,,info,,Sombra bien manejada ayuda a amortiguar estrés,"La sombra puede moderar temperatura y estrés hídrico, pero debe manejarse para no cerrar demasiado el dosel. Ajusta poda de sombra según humedad y ventilación del lote.",https://worldcoffeeresearch.org/news/2018/coping-with-32 | https://www.aboutcoffee.org/origins/coffee-regions-of-the-world/
Banano,humedad,muy_alto,85.0,,critica,,Sigatoka negra: condiciones muy favorables,"Con humedad muy alta y hojas mojadas por periodos prolongados aumenta el riesgo de Sigatoka negra. Retira hojas muy enfermas, mejora la aireacion del cultivo y evita exceso de sombra para reducir la humedad dentro de la plantacion.",FAO - Black Sigatoka management
Banano,precipitacion,alto,2400.0,,advertencia,,Lluvias persistentes: refuerza drenaje en banano,"Las lluvias persistentes elevan el riesgo de enfermedades foliares y problemas radiculares. Mantén canales limpios, evita acumulacion de agua alrededor del pseudotallo y revisa plantas con amarillamiento o crecimiento lento.",FAO Crop Information | FAO Black Sigatoka
Banano,temperatura,alto,30.0,,advertencia,,Temperatura alta: aumenta demanda hidrica,"Cuando la temperatura se mantiene alta, el banano pierde agua con rapidez. Prioriza humedad uniforme del suelo, conserva cobertura organica y vigila marchitez en horas de la tarde.",FAO Crop Information - Banana
Banano,general,cualquiera,,,info,,Deshoje sanitario y ventilacion del lote,El deshoje sanitario oportuno y una densidad de siembra que permita ventilacion ayudan a disminuir la presion de Sigatoka negra y facilitan el monitoreo del cultivo.,FAO - Integrated management of Black Sigatoka
Sorgo,temperatura,alto,32.0,,info,,"Calor alto: el sorgo resiste, pero vigila floracion","El sorgo tolera calor mejor que otros cereales, pero durante floracion y llenado de grano el estres combinado con sequia puede reducir rendimiento. Vigila humedad del perfil y evita competencia de malezas.",FAO Crop Information - Sorghum | ICRISAT
Sorgo,plaga,cualquiera,,,advertencia,,Monitorea mosca del brote y barrenadores,"Revisa plantas con corazon muerto, tallos perforados o panojas deformadas. El monitoreo temprano permite eliminar focos y ajustar manejo integrado antes de que el dano se generalice.",ICRISAT Sorghum overview
Sorgo,general,cualquiera,,,info,,El sorgo responde bien a riego suplementario en secano,"Aunque es resistente a sequia, el sorgo puede responder favorablemente al riego suplementario en etapas criticas, especialmente si la lluvia es erratica y el cultivo entra en floracion con baja humedad del suelo.",FAO Crop Information - Sorghum
Sorgo,ph_suelo,alto,8.0,,advertencia,,Alcalinidad marcada: revisa micronutrientes,En suelos muy alcalinos puede disminuir la disponibilidad de algunos micronutrientes. Observa clorosis y ajusta fertilizacion con base en analisis de suelo.,FAO Ecocrop - Sorghum
Soya,humedad,alto,75.0,,advertencia,,Humedad alta: mayor riesgo de roya asiatica,Con humedad alta y follaje denso aumentan las condiciones para roya asiatica. Refuerza el monitoreo de hojas bajas y elimina plantas voluntarias o restos que mantengan inóculo en el lote.,FAO soybean rust review | AGROSAVIA
Soya,general,cualquiera,,,info,,Elimina plantas voluntarias y hospederos cercanos,"La eliminacion de soya voluntaria y hospederos alternos ayuda a reducir la permanencia de enfermedades entre ciclos, especialmente roya asiatica.",AGROSAVIA - soybean rust management
Soya,general,cualquiera,,,info,,Mantén inoculacion y nodulacion bajo observacion,Verifica nodulos activos en raices y evita acidez excesiva del suelo. Una nodulacion deficiente reduce el aprovechamiento biologico del nitrogeno y afecta el vigor del cultivo.,FAO Crop Information - Soybean
Soya,precipitacion,alto,1200.0,,advertencia,,Exceso de lluvia: vigila encharcamiento y asfixia radicular,Las lluvias intensas pueden reducir la aireacion de las raices y favorecer enfermedades. Mejora drenaje superficial y evita compactacion por maquinaria sobre suelo humedo.,FAO Crop Information - Soybean
Maiz,humedad,muy_alto,85.0,,advertencia,,Humedad excesiva: vigila enfermedades foliares,La humedad excesiva favorece manchas foliares y mayor persistencia de enfermedades. Mejora ventilacion con buen arreglo de plantas y evita labores cuando el follaje esta mojado.,FAO Crop Information - Maize
Maiz,general,cualquiera,,,info,,Floracion y llenado son fases de maxima sensibilidad,"Programa monitoreo mas frecuente de agua, plagas y enfermedades durante floracion y llenado de grano, porque el estres en estas etapas impacta directamente el rendimiento final.",CIMMYT maize management
Maiz,ph_suelo,alto,7.5,,advertencia,,Alcalinidad alta: vigila zinc y hierro,En suelos alcalinos pueden aparecer deficiencias de micronutrientes como zinc o hierro. Observa amarillamiento o crecimiento reducido y apoya la fertilizacion con base en analisis de suelo.,FAO Crop Information - Maize
Frijol,temperatura,alto,25.0,,advertencia,,Temperatura elevada: vigila floracion y cuajado,"A medida que sube la temperatura, el frijol puede sufrir aborto floral y menor amarre de vainas. Mantén humedad uniforme y reduce estres por maleza o compactacion.",FAO Crop Information - Bean
Frijol,precipitacion,alto,1500.0,,advertencia,,Lluvia alta: aumenta presion de enfermedades,Con lluvia alta y poco movimiento de aire aumenta el riesgo de antracnosis y otras enfermedades. Mejora drenaje y evita entrar al cultivo cuando el follaje esta mojado.,FAO Crop Information - Bean
Frijol,general,cualquiera,,,info,,Prioriza monitoreo en floracion y llenado,"En frijol, la falta de agua o calor excesivo durante floracion y llenado reduce rapidamente el rendimiento. Refuerza monitoreo en esas fases para corregir a tiempo.",FAO Crop Information - Bean
Cafe,precipitacion,muy_alto,2500.0,,advertencia,,Lluvia excesiva: aumenta riesgo fitosanitario,"La lluvia excesiva prolonga el mojado foliar y favorece roya, ojo de gallo y problemas de drenaje. Mantén sombra regulada, buen desagüe y poda de tejidos densos.",World Coffee Research | ANACAFE
Cafe,general,cualquiera,,,info,,Monitorea carga de fruto y nutricion despues de cosecha,"Despues de cosecha, la poda sanitaria y el ajuste nutricional ayudan a preparar el siguiente ciclo y a reducir el inoculo de enfermedades presentes en el lote.",ANACAFE boletines tecnicos
Cafe,temperatura,alto,24.0,,advertencia,,Temperatura elevada: revisa broca y sombra,"Temperaturas mas altas pueden favorecer broca y aumentar el estres del cafeto. Revisa frutos perforados, regula sombra y conserva humedad del suelo con cobertura organica.",ANACAFE Manejo Integrado de Broca | World Coffee Research
Arroz,temperatura,alto,30.0,,advertencia,,Temperatura alta: vigila esterilidad en floracion,Cuando el calor se intensifica alrededor de floracion aumenta el riesgo de esterilidad de espiguillas. Mantén manejo oportuno del agua y evita que el cultivo entre estresado a esa etapa.,FAO rice handbook | IICA Guatemala
Arroz,general,cualquiera,,,info,,Maneja malezas y agua de forma integrada,"El manejo integrado de arroz mejora cuando el control de malezas, el nivel de agua y la fertilizacion se coordinan. Evita agua estancada innecesaria en areas con problemas sanitarios recurrentes.",FAO Integrated crop and pest management in rice
Arroz,precipitacion,alto,120.0,,advertencia,,Lluvias altas: revisa acame y enfermedades,"Las lluvias abundantes pueden aumentar enfermedades y favorecer el acame. Revisa drenaje, sanidad del follaje y estabilidad del cultivo en etapas avanzadas.",FAO rice handbook
Papa,humedad,alto,70.0,,advertencia,,Humedad alta: refuerza vigilancia de tizones,"La humedad alta acelera infecciones foliares, especialmente si coincide con temperaturas frescas. Incrementa monitoreo y evita riegos que mantengan el follaje mojado por demasiado tiempo.",CIP late blight resources
Papa,general,cualquiera,,,info,,Usa semilla sana y evita repetir papa en el mismo lote,La semilla sana y la rotacion ayudan a reducir problemas de enfermedades de suelo y follaje. Evita establecer papa repetidamente en el mismo terreno sin descanso.,CIP production guidance
Papa,temperatura,alto,24.0,,advertencia,,Temperatura templada-alta: puede reducir calidad de tuberculo,"Incluso antes del calor extremo, temperaturas altas sostenidas pueden afectar tuberizacion y calidad. Conserva humedad del suelo y considera fechas de siembra mas frescas.",CIP heat stress resources
Tomate,humedad,alto,75.0,,advertencia,,Humedad alta: sube riesgo de tizones y manchas,"La humedad alta prolonga el mojado foliar y favorece enfermedades. Ventila bien el cultivo, poda hojas bajas y evita riegos por aspersion cuando no sean necesarios.",UC IPM Tomato
Tomate,enfermedad,cualquiera,,,advertencia,,Vigila sintomas de TYLCV en hojas nuevas,"Si observas amarillamiento, rizado, entrenudos cortos y caida de flores, sospecha de Tomato Yellow Leaf Curl Virus. Retira focos tempranos y refuerza control del vector.",UC IPM - Tomato Yellow Leaf Curl
Tomate,general,cualquiera,,,info,,La humedad uniforme reduce pudricion apical,Mantén humedad del suelo estable; los cambios bruscos entre sequia y exceso de agua aumentan la pudricion apical y reducen calidad de fruto.,UC IPM - Blossom end rot
Aguacate,general,cualquiera,,,info,,Evita acumulacion de agua cerca del cuello y raices,El aguacate es muy sensible a suelos mal drenados. Mantén el cuello del arbol libre de agua acumulada y evita compactacion en la zona de raices.,IICA avocado disease references
Aguacate,general,cualquiera,,,info,,La ventilacion de copa reduce enfermedades de fruto,Una copa aireada disminuye humedad interna y ayuda a reducir antracnosis y otras enfermedades. Realiza podas ligeras y elimina ramas cruzadas.,IICA Guatemala | avocado disease management
Aguacate,humedad,alto,75.0,,advertencia,,Humedad alta: incrementa presion de enfermedades,"En periodos humedos aumenta la necesidad de monitorear hojas, ramas y frutos para detectar antracnosis y otros problemas a tiempo. Prioriza ventilacion y sanidad del lote.",IICA Guatemala | avocado disease management
Cacao,general,cualquiera,,,info,,Retira mazorcas enfermas y residuos del lote,La remocion frecuente de mazorcas enfermas y residuos reduce el inóculo de monilia y mazorca negra. No dejes frutos enfermos en el suelo ni adheridos al arbol.,ICCO pests and diseases
Cacao,humedad,muy_alto,85.0,,advertencia,,Humedad extrema: sube la presion de monilia y mazorca negra,"Con humedad extrema y poca ventilacion, las enfermedades de fruto avanzan con rapidez. Mantén poda de sombra y cosecha frecuente para cortar el ciclo del patogeno.",ICCO pests and diseases
Cacao,general,cualquiera,,,info,,"La sombra debe ser regulada, no excesiva","El cacao necesita sombra, pero el exceso mantiene humedad alta y favorece enfermedades. Ajusta la cobertura para equilibrar proteccion y ventilacion.",IICA / FAO cacao guidance
